,Month,Sunspots
0,1749-01,58.0
1,1749-02,62.6
2,1749-03,70.0
3,1749-04,55.7
4,1749-05,85.0
5,1749-06,83.5
6,1749-07,94.8
7,1749-08,66.3
8,1749-09,75.9
9,1749-10,75.5
10,1749-11,158.6
11,1749-12,85.2
12,1750-01,73.3
13,1750-02,75.9
14,1750-03,89.2
15,1750-04,88.3
16,1750-05,90.0
17,1750-06,100.0
18,1750-07,85.4
19,1750-08,103.0
20,1750-09,91.2
21,1750-10,65.7
22,1750-11,63.3
23,1750-12,75.4
24,1751-01,70.0
25,1751-02,43.5
26,1751-03,45.3
27,1751-04,56.4
28,1751-05,60.7
29,1751-06,50.7
30,1751-07,66.3
31,1751-08,59.8
32,1751-09,23.5
33,1751-10,23.2
34,1751-11,28.5
35,1751-12,44.0
36,1752-01,35.0
37,1752-02,50.0
38,1752-03,71.0
39,1752-04,59.3
40,1752-05,59.7
41,1752-06,39.6
42,1752-07,78.4
43,1752-08,29.3
44,1752-09,27.1
45,1752-10,46.6
46,1752-11,37.6
47,1752-12,40.0
48,1753-01,44.0
49,1753-02,32.0
50,1753-03,45.7
51,1753-04,38.0
52,1753-05,36.0
53,1753-06,31.7
54,1753-07,22.2
55,1753-08,39.0
56,1753-09,28.0
57,1753-10,25.0
58,1753-11,20.0
59,1753-12,6.7
60,1754-01,0.0
61,1754-02,3.0
62,1754-03,1.7
63,1754-04,13.7
64,1754-05,20.7
65,1754-06,26.7
66,1754-07,18.8
67,1754-08,12.3
68,1754-09,8.2
69,1754-10,24.1
70,1754-11,13.2
71,1754-12,4.2
72,1755-01,10.2
73,1755-02,11.2
74,1755-03,6.8
75,1755-04,6.5
76,1755-05,0.0
77,1755-06,0.0
78,1755-07,8.6
79,1755-08,3.2
80,1755-09,17.8
81,1755-10,23.7
82,1755-11,6.8
83,1755-12,20.0
84,1756-01,12.5
85,1756-02,7.1
86,1756-03,5.4
87,1756-04,9.4
88,1756-05,12.5
89,1756-06,12.9
90,1756-07,3.6
91,1756-08,6.4
92,1756-09,11.8
93,1756-10,14.3
94,1756-11,17.0
95,1756-12,9.4
96,1757-01,14.1
97,1757-02,21.2
98,1757-03,26.2
99,1757-04,30.0
100,1757-05,38.1
101,1757-06,12.8
102,1757-07,25.0
103,1757-08,51.3
104,1757-09,39.7
105,1757-10,32.5
106,1757-11,64.7
107,1757-12,33.5
108,1758-01,37.6
109,1758-02,52.0
110,1758-03,49.0
111,1758-04,72.3
112,1758-05,46.4
113,1758-06,45.0
114,1758-07,44.0
115,1758-08,38.7
116,1758-09,62.5
117,1758-10,37.7
118,1758-11,43.0
119,1758-12,43.0
120,1759-01,48.3
121,1759-02,44.0
122,1759-03,46.8
123,1759-04,47.0
124,1759-05,49.0
125,1759-06,50.0
126,1759-07,51.0
127,1759-08,71.3
128,1759-09,77.2
129,1759-10,59.7
130,1759-11,46.3
131,1759-12,57.0
132,1760-01,67.3
133,1760-02,59.5
134,1760-03,74.7
135,1760-04,58.3
136,1760-05,72.0
137,1760-06,48.3
138,1760-07,66.0
139,1760-08,75.6
140,1760-09,61.3
141,1760-10,50.6
142,1760-11,59.7
143,1760-12,61.0
144,1761-01,70.0
145,1761-02,91.0
146,1761-03,80.7
147,1761-04,71.7
148,1761-05,107.2
149,1761-06,99.3
150,1761-07,94.1
151,1761-08,91.1
152,1761-09,100.7
153,1761-10,88.7
154,1761-11,89.7
155,1761-12,46.0
156,1762-01,43.8
157,1762-02,72.8
158,1762-03,45.7
159,1762-04,60.2
160,1762-05,39.9
161,1762-06,77.1
162,1762-07,33.8
163,1762-08,67.7
164,1762-09,68.5
165,1762-10,69.3
166,1762-11,77.8
167,1762-12,77.2
168,1763-01,56.5
169,1763-02,31.9
170,1763-03,34.2
171,1763-04,32.9
172,1763-05,32.7
173,1763-06,35.8
174,1763-07,54.2
175,1763-08,26.5
176,1763-09,68.1
177,1763-10,46.3
178,1763-11,60.9
179,1763-12,61.4
180,1764-01,59.7
181,1764-02,59.7
182,1764-03,40.2
183,1764-04,34.4
184,1764-05,44.3
185,1764-06,30.0
186,1764-07,30.0
187,1764-08,30.0
188,1764-09,28.2
189,1764-10,28.0
190,1764-11,26.0
191,1764-12,25.7
192,1765-01,24.0
193,1765-02,26.0
194,1765-03,25.0
195,1765-04,22.0
196,1765-05,20.2
197,1765-06,20.0
198,1765-07,27.0
199,1765-08,29.7
200,1765-09,16.0
201,1765-10,14.0
202,1765-11,14.0
203,1765-12,13.0
204,1766-01,12.0
205,1766-02,11.0
206,1766-03,36.6
207,1766-04,6.0
208,1766-05,26.8
209,1766-06,3.0
210,1766-07,3.3
211,1766-08,4.0
212,1766-09,4.3
213,1766-10,5.0
214,1766-11,5.7
215,1766-12,19.2
216,1767-01,27.4
217,1767-02,30.0
218,1767-03,43.0
219,1767-04,32.9
220,1767-05,29.8
221,1767-06,33.3
222,1767-07,21.9
223,1767-08,40.8
224,1767-09,42.7
225,1767-10,44.1
226,1767-11,54.7
227,1767-12,53.3
228,1768-01,53.5
229,1768-02,66.1
230,1768-03,46.3
231,1768-04,42.7
232,1768-05,77.7
233,1768-06,77.4
234,1768-07,52.6
235,1768-08,66.8
236,1768-09,74.8
237,1768-10,77.8
238,1768-11,90.6
239,1768-12,111.8
240,1769-01,73.9
241,1769-02,64.2
242,1769-03,64.3
243,1769-04,96.7
244,1769-05,73.6
245,1769-06,94.4
246,1769-07,118.6
247,1769-08,120.3
248,1769-09,148.8
249,1769-10,158.2
250,1769-11,148.1
251,1769-12,112.0
252,1770-01,104.0
253,1770-02,142.5
254,1770-03,80.1
255,1770-04,51.0
256,1770-05,70.1
257,1770-06,83.3
258,1770-07,109.8
259,1770-08,126.3
260,1770-09,104.4
261,1770-10,103.6
262,1770-11,132.2
263,1770-12,102.3
264,1771-01,36.0
265,1771-02,46.2
266,1771-03,46.7
267,1771-04,64.9
268,1771-05,152.7
269,1771-06,119.5
270,1771-07,67.7
271,1771-08,58.5
272,1771-09,101.4
273,1771-10,90.0
274,1771-11,99.7
275,1771-12,95.7
276,1772-01,100.9
277,1772-02,90.8
278,1772-03,31.1
279,1772-04,92.2
280,1772-05,38.0
281,1772-06,57.0
282,1772-07,77.3
283,1772-08,56.2
284,1772-09,50.5
285,1772-10,78.6
286,1772-11,61.3
287,1772-12,64.0
288,1773-01,54.6
289,1773-02,29.0
290,1773-03,51.2
291,1773-04,32.9
292,1773-05,41.1
293,1773-06,28.4
294,1773-07,27.7
295,1773-08,12.7
296,1773-09,29.3
297,1773-10,26.3
298,1773-11,40.9
299,1773-12,43.2
300,1774-01,46.8
301,1774-02,65.4
302,1774-03,55.7
303,1774-04,43.8
304,1774-05,51.3
305,1774-06,28.5
306,1774-07,17.5
307,1774-08,6.6
308,1774-09,7.9
309,1774-10,14.0
310,1774-11,17.7
311,1774-12,12.2
312,1775-01,4.4
313,1775-02,0.0
314,1775-03,11.6
315,1775-04,11.2
316,1775-05,3.9
317,1775-06,12.3
318,1775-07,1.0
319,1775-08,7.9
320,1775-09,3.2
321,1775-10,5.6
322,1775-11,15.1
323,1775-12,7.9
324,1776-01,21.7
325,1776-02,11.6
326,1776-03,6.3
327,1776-04,21.8
328,1776-05,11.2
329,1776-06,19.0
330,1776-07,1.0
331,1776-08,24.2
332,1776-09,16.0
333,1776-10,30.0
334,1776-11,35.0
335,1776-12,40.0
336,1777-01,45.0
337,1777-02,36.5
338,1777-03,39.0
339,1777-04,95.5
340,1777-05,80.3
341,1777-06,80.7
342,1777-07,95.0
343,1777-08,112.0
344,1777-09,116.2
345,1777-10,106.5
346,1777-11,146.0
347,1777-12,157.3
348,1778-01,177.3
349,1778-02,109.3
350,1778-03,134.0
351,1778-04,145.0
352,1778-05,238.9
353,1778-06,171.6
354,1778-07,153.0
355,1778-08,140.0
356,1778-09,171.7
357,1778-10,156.3
358,1778-11,150.3
359,1778-12,105.0
360,1779-01,114.7
361,1779-02,165.7
362,1779-03,118.0
363,1779-04,145.0
364,1779-05,140.0
365,1779-06,113.7
366,1779-07,143.0
367,1779-08,112.0
368,1779-09,111.0
369,1779-10,124.0
370,1779-11,114.0
371,1779-12,110.0
372,1780-01,70.0
373,1780-02,98.0
374,1780-03,98.0
375,1780-04,95.0
376,1780-05,107.2
377,1780-06,88.0
378,1780-07,86.0
379,1780-08,86.0
380,1780-09,93.7
381,1780-10,77.0
382,1780-11,60.0
383,1780-12,58.7
384,1781-01,98.7
385,1781-02,74.7
386,1781-03,53.0
387,1781-04,68.3
388,1781-05,104.7
389,1781-06,97.7
390,1781-07,73.5
391,1781-08,66.0
392,1781-09,51.0
393,1781-10,27.3
394,1781-11,67.0
395,1781-12,35.2
396,1782-01,54.0
397,1782-02,37.5
398,1782-03,37.0
399,1782-04,41.0
400,1782-05,54.3
401,1782-06,38.0
402,1782-07,37.0
403,1782-08,44.0
404,1782-09,34.0
405,1782-10,23.2
406,1782-11,31.5
407,1782-12,30.0
408,1783-01,28.0
409,1783-02,38.7
410,1783-03,26.7
411,1783-04,28.3
412,1783-05,23.0
413,1783-06,25.2
414,1783-07,32.2
415,1783-08,20.0
416,1783-09,18.0
417,1783-10,8.0
418,1783-11,15.0
419,1783-12,10.5
420,1784-01,13.0
421,1784-02,8.0
422,1784-03,11.0
423,1784-04,10.0
424,1784-05,6.0
425,1784-06,9.0
426,1784-07,6.0
427,1784-08,10.0
428,1784-09,10.0
429,1784-10,8.0
430,1784-11,17.0
431,1784-12,14.0
432,1785-01,6.5
433,1785-02,8.0
434,1785-03,9.0
435,1785-04,15.7
436,1785-05,20.7
437,1785-06,26.3
438,1785-07,36.3
439,1785-08,20.0
440,1785-09,32.0
441,1785-10,47.2
442,1785-11,40.2
443,1785-12,27.3
444,1786-01,37.2
445,1786-02,47.6
446,1786-03,47.7
447,1786-04,85.4
448,1786-05,92.3
449,1786-06,59.0
450,1786-07,83.0
451,1786-08,89.7
452,1786-09,111.5
453,1786-10,112.3
454,1786-11,116.0
455,1786-12,112.7
456,1787-01,134.7
457,1787-02,106.0
458,1787-03,87.4
459,1787-04,127.2
460,1787-05,134.8
461,1787-06,99.2
462,1787-07,128.0
463,1787-08,137.2
464,1787-09,157.3
465,1787-10,157.0
466,1787-11,141.5
467,1787-12,174.0
468,1788-01,138.0
469,1788-02,129.2
470,1788-03,143.3
471,1788-04,108.5
472,1788-05,113.0
473,1788-06,154.2
474,1788-07,141.5
475,1788-08,136.0
476,1788-09,141.0
477,1788-10,142.0
478,1788-11,94.7
479,1788-12,129.5
480,1789-01,114.0
481,1789-02,125.3
482,1789-03,120.0
483,1789-04,123.3
484,1789-05,123.5
485,1789-06,120.0
486,1789-07,117.0
487,1789-08,103.0
488,1789-09,112.0
489,1789-10,89.7
490,1789-11,134.0
491,1789-12,135.5
492,1790-01,103.0
493,1790-02,127.5
494,1790-03,96.3
495,1790-04,94.0
496,1790-05,93.0
497,1790-06,91.0
498,1790-07,69.3
499,1790-08,87.0
500,1790-09,77.3
501,1790-10,84.3
502,1790-11,82.0
503,1790-12,74.0
504,1791-01,72.7
505,1791-02,62.0
506,1791-03,74.0
507,1791-04,77.2
508,1791-05,73.7
509,1791-06,64.2
510,1791-07,71.0
511,1791-08,43.0
512,1791-09,66.5
513,1791-10,61.7
514,1791-11,67.0
515,1791-12,66.0
516,1792-01,58.0
517,1792-02,64.0
518,1792-03,63.0
519,1792-04,75.7
520,1792-05,62.0
521,1792-06,61.0
522,1792-07,45.8
523,1792-08,60.0
524,1792-09,59.0
525,1792-10,59.0
526,1792-11,57.0
527,1792-12,56.0
528,1793-01,56.0
529,1793-02,55.0
530,1793-03,55.5
531,1793-04,53.0
532,1793-05,52.3
533,1793-06,51.0
534,1793-07,50.0
535,1793-08,29.3
536,1793-09,24.0
537,1793-10,47.0
538,1793-11,44.0
539,1793-12,45.7
540,1794-01,45.0
541,1794-02,44.0
542,1794-03,38.0
543,1794-04,28.4
544,1794-05,55.7
545,1794-06,41.5
546,1794-07,41.0
547,1794-08,40.0
548,1794-09,11.1
549,1794-10,28.5
550,1794-11,67.4
551,1794-12,51.4
552,1795-01,21.4
553,1795-02,39.9
554,1795-03,12.6
555,1795-04,18.6
556,1795-05,31.0
557,1795-06,17.1
558,1795-07,12.9
559,1795-08,25.7
560,1795-09,13.5
561,1795-10,19.5
562,1795-11,25.0
563,1795-12,18.0
564,1796-01,22.0
565,1796-02,23.8
566,1796-03,15.7
567,1796-04,31.7
568,1796-05,21.0
569,1796-06,6.7
570,1796-07,26.9
571,1796-08,1.5
572,1796-09,18.4
573,1796-10,11.0
574,1796-11,8.4
575,1796-12,5.1
576,1797-01,14.4
577,1797-02,4.2
578,1797-03,4.0
579,1797-04,4.0
580,1797-05,7.3
581,1797-06,11.1
582,1797-07,4.3
583,1797-08,6.0
584,1797-09,5.7
585,1797-10,6.9
586,1797-11,5.8
587,1797-12,3.0
588,1798-01,2.0
589,1798-02,4.0
590,1798-03,12.4
591,1798-04,1.1
592,1798-05,0.0
593,1798-06,0.0
594,1798-07,0.0
595,1798-08,3.0
596,1798-09,2.4
597,1798-10,1.5
598,1798-11,12.5
599,1798-12,9.9
600,1799-01,1.6
601,1799-02,12.6
602,1799-03,21.7
603,1799-04,8.4
604,1799-05,8.2
605,1799-06,10.6
606,1799-07,2.1
607,1799-08,0.0
608,1799-09,0.0
609,1799-10,4.6
610,1799-11,2.7
611,1799-12,8.6
612,1800-01,6.9
613,1800-02,9.3
614,1800-03,13.9
615,1800-04,0.0
616,1800-05,5.0
617,1800-06,23.7
618,1800-07,21.0
619,1800-08,19.5
620,1800-09,11.5
621,1800-10,12.3
622,1800-11,10.5
623,1800-12,40.1
624,1801-01,27.0
625,1801-02,29.0
626,1801-03,30.0
627,1801-04,31.0
628,1801-05,32.0
629,1801-06,31.2
630,1801-07,35.0
631,1801-08,38.7
632,1801-09,33.5
633,1801-10,32.6
634,1801-11,39.8
635,1801-12,48.2
636,1802-01,47.8
637,1802-02,47.0
638,1802-03,40.8
639,1802-04,42.0
640,1802-05,44.0
641,1802-06,46.0
642,1802-07,48.0
643,1802-08,50.0
644,1802-09,51.8
645,1802-10,38.5
646,1802-11,34.5
647,1802-12,50.0
648,1803-01,50.0
649,1803-02,50.8
650,1803-03,29.5
651,1803-04,25.0
652,1803-05,44.3
653,1803-06,36.0
654,1803-07,48.3
655,1803-08,34.1
656,1803-09,45.3
657,1803-10,54.3
658,1803-11,51.0
659,1803-12,48.0
660,1804-01,45.3
661,1804-02,48.3
662,1804-03,48.0
663,1804-04,50.6
664,1804-05,33.4
665,1804-06,34.8
666,1804-07,29.8
667,1804-08,43.1
668,1804-09,53.0
669,1804-10,62.3
670,1804-11,61.0
671,1804-12,60.0
672,1805-01,61.0
673,1805-02,44.1
674,1805-03,51.4
675,1805-04,37.5
676,1805-05,39.0
677,1805-06,40.5
678,1805-07,37.6
679,1805-08,42.7
680,1805-09,44.4
681,1805-10,29.4
682,1805-11,41.0
683,1805-12,38.3
684,1806-01,39.0
685,1806-02,29.6
686,1806-03,32.7
687,1806-04,27.7
688,1806-05,26.4
689,1806-06,25.6
690,1806-07,30.0
691,1806-08,26.3
692,1806-09,24.0
693,1806-10,27.0
694,1806-11,25.0
695,1806-12,24.0
696,1807-01,12.0
697,1807-02,12.2
698,1807-03,9.6
699,1807-04,23.8
700,1807-05,10.0
701,1807-06,12.0
702,1807-07,12.7
703,1807-08,12.0
704,1807-09,5.7
705,1807-10,8.0
706,1807-11,2.6
707,1807-12,0.0
708,1808-01,0.0
709,1808-02,4.5
710,1808-03,0.0
711,1808-04,12.3
712,1808-05,13.5
713,1808-06,13.5
714,1808-07,6.7
715,1808-08,8.0
716,1808-09,11.7
717,1808-10,4.7
718,1808-11,10.5
719,1808-12,12.3
720,1809-01,7.2
721,1809-02,9.2
722,1809-03,0.9
723,1809-04,2.5
724,1809-05,2.0
725,1809-06,7.7
726,1809-07,0.3
727,1809-08,0.2
728,1809-09,0.4
729,1809-10,0.0
730,1809-11,0.0
731,1809-12,0.0
732,1810-01,0.0
733,1810-02,0.0
734,1810-03,0.0
735,1810-04,0.0
736,1810-05,0.0
737,1810-06,0.0
738,1810-07,0.0
739,1810-08,0.0
740,1810-09,0.0
741,1810-10,0.0
742,1810-11,0.0
743,1810-12,0.0
744,1811-01,0.0
745,1811-02,0.0
746,1811-03,0.0
747,1811-04,0.0
748,1811-05,0.0
749,1811-06,0.0
750,1811-07,6.6
751,1811-08,0.0
752,1811-09,2.4
753,1811-10,6.1
754,1811-11,0.8
755,1811-12,1.1
756,1812-01,11.3
757,1812-02,1.9
758,1812-03,0.7
759,1812-04,0.0
760,1812-05,1.0
761,1812-06,1.3
762,1812-07,0.5
763,1812-08,15.6
764,1812-09,5.2
765,1812-10,3.9
766,1812-11,7.9
767,1812-12,10.1
768,1813-01,0.0
769,1813-02,10.3
770,1813-03,1.9
771,1813-04,16.6
772,1813-05,5.5
773,1813-06,11.2
774,1813-07,18.3
775,1813-08,8.4
776,1813-09,15.3
777,1813-10,27.8
778,1813-11,16.7
779,1813-12,14.3
780,1814-01,22.2
781,1814-02,12.0
782,1814-03,5.7
783,1814-04,23.8
784,1814-05,5.8
785,1814-06,14.9
786,1814-07,18.5
787,1814-08,2.3
788,1814-09,8.1
789,1814-10,19.3
790,1814-11,14.5
791,1814-12,20.1
792,1815-01,19.2
793,1815-02,32.2
794,1815-03,26.2
795,1815-04,31.6
796,1815-05,9.8
797,1815-06,55.9
798,1815-07,35.5
799,1815-08,47.2
800,1815-09,31.5
801,1815-10,33.5
802,1815-11,37.2
803,1815-12,65.0
804,1816-01,26.3
805,1816-02,68.8
806,1816-03,73.7
807,1816-04,58.8
808,1816-05,44.3
809,1816-06,43.6
810,1816-07,38.8
811,1816-08,23.2
812,1816-09,47.8
813,1816-10,56.4
814,1816-11,38.1
815,1816-12,29.9
816,1817-01,36.4
817,1817-02,57.9
818,1817-03,96.2
819,1817-04,26.4
820,1817-05,21.2
821,1817-06,40.0
822,1817-07,50.0
823,1817-08,45.0
824,1817-09,36.7
825,1817-10,25.6
826,1817-11,28.9
827,1817-12,28.4
828,1818-01,34.9
829,1818-02,22.4
830,1818-03,25.4
831,1818-04,34.5
832,1818-05,53.1
833,1818-06,36.4
834,1818-07,28.0
835,1818-08,31.5
836,1818-09,26.1
837,1818-10,31.7
838,1818-11,10.9
839,1818-12,25.8
840,1819-01,32.5
841,1819-02,20.7
842,1819-03,3.7
843,1819-04,20.2
844,1819-05,19.6
845,1819-06,35.0
846,1819-07,31.4
847,1819-08,26.1
848,1819-09,14.9
849,1819-10,27.5
850,1819-11,25.1
851,1819-12,30.6
852,1820-01,19.2
853,1820-02,26.6
854,1820-03,4.5
855,1820-04,19.4
856,1820-05,29.3
857,1820-06,10.8
858,1820-07,20.6
859,1820-08,25.9
860,1820-09,5.2
861,1820-10,9.0
862,1820-11,7.9
863,1820-12,9.7
864,1821-01,21.5
865,1821-02,4.3
866,1821-03,5.7
867,1821-04,9.2
868,1821-05,1.7
869,1821-06,1.8
870,1821-07,2.5
871,1821-08,4.8
872,1821-09,4.4
873,1821-10,18.8
874,1821-11,4.4
875,1821-12,0.0
876,1822-01,0.0
877,1822-02,0.9
878,1822-03,16.1
879,1822-04,13.5
880,1822-05,1.5
881,1822-06,5.6
882,1822-07,7.9
883,1822-08,2.1
884,1822-09,0.0
885,1822-10,0.4
886,1822-11,0.0
887,1822-12,0.0
888,1823-01,0.0
889,1823-02,0.0
890,1823-03,0.6
891,1823-04,0.0
892,1823-05,0.0
893,1823-06,0.0
894,1823-07,0.5
895,1823-08,0.0
896,1823-09,0.0
897,1823-10,0.0
898,1823-11,0.0
899,1823-12,20.4
900,1824-01,21.6
901,1824-02,10.8
902,1824-03,0.0
903,1824-04,19.4
904,1824-05,2.8
905,1824-06,0.0
906,1824-07,0.0
907,1824-08,1.4
908,1824-09,20.5
909,1824-10,25.2
910,1824-11,0.0
911,1824-12,0.8
912,1825-01,5.0
913,1825-02,15.5
914,1825-03,22.4
915,1825-04,3.8
916,1825-05,15.4
917,1825-06,15.4
918,1825-07,30.9
919,1825-08,25.4
920,1825-09,15.7
921,1825-10,15.6
922,1825-11,11.7
923,1825-12,22.0
924,1826-01,17.7
925,1826-02,18.2
926,1826-03,36.7
927,1826-04,24.0
928,1826-05,32.4
929,1826-06,37.1
930,1826-07,52.5
931,1826-08,39.6
932,1826-09,18.9
933,1826-10,50.6
934,1826-11,39.5
935,1826-12,68.1
936,1827-01,34.6
937,1827-02,47.4
938,1827-03,57.8
939,1827-04,46.0
940,1827-05,56.3
941,1827-06,56.7
942,1827-07,42.9
943,1827-08,53.7
944,1827-09,49.6
945,1827-10,57.2
946,1827-11,48.2
947,1827-12,46.1
948,1828-01,52.8
949,1828-02,64.4
950,1828-03,65.0
951,1828-04,61.1
952,1828-05,89.1
953,1828-06,98.0
954,1828-07,54.3
955,1828-08,76.4
956,1828-09,50.4
957,1828-10,54.7
958,1828-11,57.0
959,1828-12,46.6
960,1829-01,43.0
961,1829-02,49.4
962,1829-03,72.3
963,1829-04,95.0
964,1829-05,67.5
965,1829-06,73.9
966,1829-07,90.8
967,1829-08,78.3
968,1829-09,52.8
969,1829-10,57.2
970,1829-11,67.6
971,1829-12,56.5
972,1830-01,52.2
973,1830-02,72.1
974,1830-03,84.6
975,1830-04,107.1
976,1830-05,66.3
977,1830-06,65.1
978,1830-07,43.9
979,1830-08,50.7
980,1830-09,62.1
981,1830-10,84.4
982,1830-11,81.2
983,1830-12,82.1
984,1831-01,47.5
985,1831-02,50.1
986,1831-03,93.4
987,1831-04,54.6
988,1831-05,38.1
989,1831-06,33.4
990,1831-07,45.2
991,1831-08,54.9
992,1831-09,37.9
993,1831-10,46.2
994,1831-11,43.5
995,1831-12,28.9
996,1832-01,30.9
997,1832-02,55.5
998,1832-03,55.1
999,1832-04,26.9
1000,1832-05,41.3
1001,1832-06,26.7
1002,1832-07,13.9
1003,1832-08,8.9
1004,1832-09,8.2
1005,1832-10,21.1
1006,1832-11,14.3
1007,1832-12,27.5
1008,1833-01,11.3
1009,1833-02,14.9
1010,1833-03,11.8
1011,1833-04,2.8
1012,1833-05,12.9
1013,1833-06,1.0
1014,1833-07,7.0
1015,1833-08,5.7
1016,1833-09,11.6
1017,1833-10,7.5
1018,1833-11,5.9
1019,1833-12,9.9
1020,1834-01,4.9
1021,1834-02,18.1
1022,1834-03,3.9
1023,1834-04,1.4
1024,1834-05,8.8
1025,1834-06,7.8
1026,1834-07,8.7
1027,1834-08,4.0
1028,1834-09,11.5
1029,1834-10,24.8
1030,1834-11,30.5
1031,1834-12,34.5
1032,1835-01,7.5
1033,1835-02,24.5
1034,1835-03,19.7
1035,1835-04,61.5
1036,1835-05,43.6
1037,1835-06,33.2
1038,1835-07,59.8
1039,1835-08,59.0
1040,1835-09,100.8
1041,1835-10,95.2
1042,1835-11,100.0
1043,1835-12,77.5
1044,1836-01,88.6
1045,1836-02,107.6
1046,1836-03,98.1
1047,1836-04,142.9
1048,1836-05,111.4
1049,1836-06,124.7
1050,1836-07,116.7
1051,1836-08,107.8
1052,1836-09,95.1
1053,1836-10,137.4
1054,1836-11,120.9
1055,1836-12,206.2
1056,1837-01,188.0
1057,1837-02,175.6
1058,1837-03,134.6
1059,1837-04,138.2
1060,1837-05,111.3
1061,1837-06,158.0
1062,1837-07,162.8
1063,1837-08,134.0
1064,1837-09,96.3
1065,1837-10,123.7
1066,1837-11,107.0
1067,1837-12,129.8
1068,1838-01,144.9
1069,1838-02,84.8
1070,1838-03,140.8
1071,1838-04,126.6
1072,1838-05,137.6
1073,1838-06,94.5
1074,1838-07,108.2
1075,1838-08,78.8
1076,1838-09,73.6
1077,1838-10,90.8
1078,1838-11,77.4
1079,1838-12,79.8
1080,1839-01,107.6
1081,1839-02,102.5
1082,1839-03,77.7
1083,1839-04,61.8
1084,1839-05,53.8
1085,1839-06,54.6
1086,1839-07,84.7
1087,1839-08,131.2
1088,1839-09,132.7
1089,1839-10,90.8
1090,1839-11,68.8
1091,1839-12,63.6
1092,1840-01,81.2
1093,1840-02,87.7
1094,1840-03,55.5
1095,1840-04,65.9
1096,1840-05,69.2
1097,1840-06,48.5
1098,1840-07,60.7
1099,1840-08,57.8
1100,1840-09,74.0
1101,1840-10,49.8
1102,1840-11,54.3
1103,1840-12,53.7
1104,1841-01,24.0
1105,1841-02,29.9
1106,1841-03,29.7
1107,1841-04,42.6
1108,1841-05,67.4
1109,1841-06,55.7
1110,1841-07,30.8
1111,1841-08,39.3
1112,1841-09,35.1
1113,1841-10,28.5
1114,1841-11,19.8
1115,1841-12,38.8
1116,1842-01,20.4
1117,1842-02,22.1
1118,1842-03,21.7
1119,1842-04,26.9
1120,1842-05,24.9
1121,1842-06,20.5
1122,1842-07,12.6
1123,1842-08,26.5
1124,1842-09,18.5
1125,1842-10,38.1
1126,1842-11,40.5
1127,1842-12,17.6
1128,1843-01,13.3
1129,1843-02,3.5
1130,1843-03,8.3
1131,1843-04,8.8
1132,1843-05,21.1
1133,1843-06,10.5
1134,1843-07,9.5
1135,1843-08,11.8
1136,1843-09,4.2
1137,1843-10,5.3
1138,1843-11,19.1
1139,1843-12,12.7
1140,1844-01,9.4
1141,1844-02,14.7
1142,1844-03,13.6
1143,1844-04,20.8
1144,1844-05,12.0
1145,1844-06,3.7
1146,1844-07,21.2
1147,1844-08,23.9
1148,1844-09,6.9
1149,1844-10,21.5
1150,1844-11,10.7
1151,1844-12,21.6
1152,1845-01,25.7
1153,1845-02,43.6
1154,1845-03,43.3
1155,1845-04,56.9
1156,1845-05,47.8
1157,1845-06,31.1
1158,1845-07,30.6
1159,1845-08,32.3
1160,1845-09,29.6
1161,1845-10,40.7
1162,1845-11,39.4
1163,1845-12,59.7
1164,1846-01,38.7
1165,1846-02,51.0
1166,1846-03,63.9
1167,1846-04,69.2
1168,1846-05,59.9
1169,1846-06,65.1
1170,1846-07,46.5
1171,1846-08,54.8
1172,1846-09,107.1
1173,1846-10,55.9
1174,1846-11,60.4
1175,1846-12,65.5
1176,1847-01,62.6
1177,1847-02,44.9
1178,1847-03,85.7
1179,1847-04,44.7
1180,1847-05,75.4
1181,1847-06,85.3
1182,1847-07,52.2
1183,1847-08,140.6
1184,1847-09,161.2
1185,1847-10,180.4
1186,1847-11,138.9
1187,1847-12,109.6
1188,1848-01,159.1
1189,1848-02,111.8
1190,1848-03,108.9
1191,1848-04,107.1
1192,1848-05,102.2
1193,1848-06,123.8
1194,1848-07,139.2
1195,1848-08,132.5
1196,1848-09,100.3
1197,1848-10,132.4
1198,1848-11,114.6
1199,1848-12,159.9
1200,1849-01,156.7
1201,1849-02,131.7
1202,1849-03,96.5
1203,1849-04,102.5
1204,1849-05,80.6
1205,1849-06,81.2
1206,1849-07,78.0
1207,1849-08,61.3
1208,1849-09,93.7
1209,1849-10,71.5
1210,1849-11,99.7
1211,1849-12,97.0
1212,1850-01,78.0
1213,1850-02,89.4
1214,1850-03,82.6
1215,1850-04,44.1
1216,1850-05,61.6
1217,1850-06,70.0
1218,1850-07,39.1
1219,1850-08,61.6
1220,1850-09,86.2
1221,1850-10,71.0
1222,1850-11,54.8
1223,1850-12,60.0
1224,1851-01,75.5
1225,1851-02,105.4
1226,1851-03,64.6
1227,1851-04,56.5
1228,1851-05,62.6
1229,1851-06,63.2
1230,1851-07,36.1
1231,1851-08,57.4
1232,1851-09,67.9
1233,1851-10,62.5
1234,1851-11,50.9
1235,1851-12,71.4
1236,1852-01,68.4
1237,1852-02,67.5
1238,1852-03,61.2
1239,1852-04,65.4
1240,1852-05,54.9
1241,1852-06,46.9
1242,1852-07,42.0
1243,1852-08,39.7
1244,1852-09,37.5
1245,1852-10,67.3
1246,1852-11,54.3
1247,1852-12,45.4
1248,1853-01,41.1
1249,1853-02,42.9
1250,1853-03,37.7
1251,1853-04,47.6
1252,1853-05,34.7
1253,1853-06,40.0
1254,1853-07,45.9
1255,1853-08,50.4
1256,1853-09,33.5
1257,1853-10,42.3
1258,1853-11,28.8
1259,1853-12,23.4
1260,1854-01,15.4
1261,1854-02,20.0
1262,1854-03,20.7
1263,1854-04,26.4
1264,1854-05,24.0
1265,1854-06,21.1
1266,1854-07,18.7
1267,1854-08,15.8
1268,1854-09,22.4
1269,1854-10,12.7
1270,1854-11,28.2
1271,1854-12,21.4
1272,1855-01,12.3
1273,1855-02,11.4
1274,1855-03,17.4
1275,1855-04,4.4
1276,1855-05,9.1
1277,1855-06,5.3
1278,1855-07,0.4
1279,1855-08,3.1
1280,1855-09,0.0
1281,1855-10,9.7
1282,1855-11,4.3
1283,1855-12,3.1
1284,1856-01,0.5
1285,1856-02,4.9
1286,1856-03,0.4
1287,1856-04,6.5
1288,1856-05,0.0
1289,1856-06,5.0
1290,1856-07,4.6
1291,1856-08,5.9
1292,1856-09,4.4
1293,1856-10,4.5
1294,1856-11,7.7
1295,1856-12,7.2
1296,1857-01,13.7
1297,1857-02,7.4
1298,1857-03,5.2
1299,1857-04,11.1
1300,1857-05,29.2
1301,1857-06,16.0
1302,1857-07,22.2
1303,1857-08,16.9
1304,1857-09,42.4
1305,1857-10,40.6
1306,1857-11,31.4
1307,1857-12,37.2
1308,1858-01,39.0
1309,1858-02,34.9
1310,1858-03,57.5
1311,1858-04,38.3
1312,1858-05,41.4
1313,1858-06,44.5
1314,1858-07,56.7
1315,1858-08,55.3
1316,1858-09,80.1
1317,1858-10,91.2
1318,1858-11,51.9
1319,1858-12,66.9
1320,1859-01,83.7
1321,1859-02,87.6
1322,1859-03,90.3
1323,1859-04,85.7
1324,1859-05,91.0
1325,1859-06,87.1
1326,1859-07,95.2
1327,1859-08,106.8
1328,1859-09,105.8
1329,1859-10,114.6
1330,1859-11,97.2
1331,1859-12,81.0
1332,1860-01,81.5
1333,1860-02,88.0
1334,1860-03,98.9
1335,1860-04,71.4
1336,1860-05,107.1
1337,1860-06,108.6
1338,1860-07,116.7
1339,1860-08,100.3
1340,1860-09,92.2
1341,1860-10,90.1
1342,1860-11,97.9
1343,1860-12,95.6
1344,1861-01,62.3
1345,1861-02,77.8
1346,1861-03,101.0
1347,1861-04,98.5
1348,1861-05,56.8
1349,1861-06,87.8
1350,1861-07,78.0
1351,1861-08,82.5
1352,1861-09,79.9
1353,1861-10,67.2
1354,1861-11,53.7
1355,1861-12,80.5
1356,1862-01,63.1
1357,1862-02,64.5
1358,1862-03,43.6
1359,1862-04,53.7
1360,1862-05,64.4
1361,1862-06,84.0
1362,1862-07,73.4
1363,1862-08,62.5
1364,1862-09,66.6
1365,1862-10,42.0
1366,1862-11,50.6
1367,1862-12,40.9
1368,1863-01,48.3
1369,1863-02,56.7
1370,1863-03,66.4
1371,1863-04,40.6
1372,1863-05,53.8
1373,1863-06,40.8
1374,1863-07,32.7
1375,1863-08,48.1
1376,1863-09,22.0
1377,1863-10,39.9
1378,1863-11,37.7
1379,1863-12,41.2
1380,1864-01,57.7
1381,1864-02,47.1
1382,1864-03,66.3
1383,1864-04,35.8
1384,1864-05,40.6
1385,1864-06,57.8
1386,1864-07,54.7
1387,1864-08,54.8
1388,1864-09,28.5
1389,1864-10,33.9
1390,1864-11,57.6
1391,1864-12,28.6
1392,1865-01,48.7
1393,1865-02,39.3
1394,1865-03,39.5
1395,1865-04,29.4
1396,1865-05,34.5
1397,1865-06,33.6
1398,1865-07,26.8
1399,1865-08,37.8
1400,1865-09,21.6
1401,1865-10,17.1
1402,1865-11,24.6
1403,1865-12,12.8
1404,1866-01,31.6
1405,1866-02,38.4
1406,1866-03,24.6
1407,1866-04,17.6
1408,1866-05,12.9
1409,1866-06,16.5
1410,1866-07,9.3
1411,1866-08,12.7
1412,1866-09,7.3
1413,1866-10,14.1
1414,1866-11,9.0
1415,1866-12,1.5
1416,1867-01,0.0
1417,1867-02,0.7
1418,1867-03,9.2
1419,1867-04,5.1
1420,1867-05,2.9
1421,1867-06,1.5
1422,1867-07,5.0
1423,1867-08,4.9
1424,1867-09,9.8
1425,1867-10,13.5
1426,1867-11,9.3
1427,1867-12,25.2
1428,1868-01,15.6
1429,1868-02,15.8
1430,1868-03,26.5
1431,1868-04,36.6
1432,1868-05,26.7
1433,1868-06,31.1
1434,1868-07,28.6
1435,1868-08,34.4
1436,1868-09,43.8
1437,1868-10,61.7
1438,1868-11,59.1
1439,1868-12,67.6
1440,1869-01,60.9
1441,1869-02,59.3
1442,1869-03,52.7
1443,1869-04,41.0
1444,1869-05,104.0
1445,1869-06,108.4
1446,1869-07,59.2
1447,1869-08,79.6
1448,1869-09,80.6
1449,1869-10,59.4
1450,1869-11,77.4
1451,1869-12,104.3
1452,1870-01,77.3
1453,1870-02,114.9
1454,1870-03,159.4
1455,1870-04,160.0
1456,1870-05,176.0
1457,1870-06,135.6
1458,1870-07,132.4
1459,1870-08,153.8
1460,1870-09,136.0
1461,1870-10,146.4
1462,1870-11,147.5
1463,1870-12,130.0
1464,1871-01,88.3
1465,1871-02,125.3
1466,1871-03,143.2
1467,1871-04,162.4
1468,1871-05,145.5
1469,1871-06,91.7
1470,1871-07,103.0
1471,1871-08,110.0
1472,1871-09,80.3
1473,1871-10,89.0
1474,1871-11,105.4
1475,1871-12,90.3
1476,1872-01,79.5
1477,1872-02,120.1
1478,1872-03,88.4
1479,1872-04,102.1
1480,1872-05,107.6
1481,1872-06,109.9
1482,1872-07,105.5
1483,1872-08,92.9
1484,1872-09,114.6
1485,1872-10,103.5
1486,1872-11,112.0
1487,1872-12,83.9
1488,1873-01,86.7
1489,1873-02,107.0
1490,1873-03,98.3
1491,1873-04,76.2
1492,1873-05,47.9
1493,1873-06,44.8
1494,1873-07,66.9
1495,1873-08,68.2
1496,1873-09,47.5
1497,1873-10,47.4
1498,1873-11,55.4
1499,1873-12,49.2
1500,1874-01,60.8
1501,1874-02,64.2
1502,1874-03,46.4
1503,1874-04,32.0
1504,1874-05,44.6
1505,1874-06,38.2
1506,1874-07,67.8
1507,1874-08,61.3
1508,1874-09,28.0
1509,1874-10,34.3
1510,1874-11,28.9
1511,1874-12,29.3
1512,1875-01,14.6
1513,1875-02,22.2
1514,1875-03,33.8
1515,1875-04,29.1
1516,1875-05,11.5
1517,1875-06,23.9
1518,1875-07,12.5
1519,1875-08,14.6
1520,1875-09,2.4
1521,1875-10,12.7
1522,1875-11,17.7
1523,1875-12,9.9
1524,1876-01,14.3
1525,1876-02,15.0
1526,1876-03,31.2
1527,1876-04,2.3
1528,1876-05,5.1
1529,1876-06,1.6
1530,1876-07,15.2
1531,1876-08,8.8
1532,1876-09,9.9
1533,1876-10,14.3
1534,1876-11,9.9
1535,1876-12,8.2
1536,1877-01,24.4
1537,1877-02,8.7
1538,1877-03,11.7
1539,1877-04,15.8
1540,1877-05,21.2
1541,1877-06,13.4
1542,1877-07,5.9
1543,1877-08,6.3
1544,1877-09,16.4
1545,1877-10,6.7
1546,1877-11,14.5
1547,1877-12,2.3
1548,1878-01,3.3
1549,1878-02,6.0
1550,1878-03,7.8
1551,1878-04,0.1
1552,1878-05,5.8
1553,1878-06,6.4
1554,1878-07,0.1
1555,1878-08,0.0
1556,1878-09,5.3
1557,1878-10,1.1
1558,1878-11,4.1
1559,1878-12,0.5
1560,1879-01,0.8
1561,1879-02,0.6
1562,1879-03,0.0
1563,1879-04,6.2
1564,1879-05,2.4
1565,1879-06,4.8
1566,1879-07,7.5
1567,1879-08,10.7
1568,1879-09,6.1
1569,1879-10,12.3
1570,1879-11,12.9
1571,1879-12,7.2
1572,1880-01,24.0
1573,1880-02,27.5
1574,1880-03,19.5
1575,1880-04,19.3
1576,1880-05,23.5
1577,1880-06,34.1
1578,1880-07,21.9
1579,1880-08,48.1
1580,1880-09,66.0
1581,1880-10,43.0
1582,1880-11,30.7
1583,1880-12,29.6
1584,1881-01,36.4
1585,1881-02,53.2
1586,1881-03,51.5
1587,1881-04,51.7
1588,1881-05,43.5
1589,1881-06,60.5
1590,1881-07,76.9
1591,1881-08,58.0
1592,1881-09,53.2
1593,1881-10,64.0
1594,1881-11,54.8
1595,1881-12,47.3
1596,1882-01,45.0
1597,1882-02,69.3
1598,1882-03,67.5
1599,1882-04,95.8
1600,1882-05,64.1
1601,1882-06,45.2
1602,1882-07,45.4
1603,1882-08,40.4
1604,1882-09,57.7
1605,1882-10,59.2
1606,1882-11,84.4
1607,1882-12,41.8
1608,1883-01,60.6
1609,1883-02,46.9
1610,1883-03,42.8
1611,1883-04,82.1
1612,1883-05,32.1
1613,1883-06,76.5
1614,1883-07,80.6
1615,1883-08,46.0
1616,1883-09,52.6
1617,1883-10,83.8
1618,1883-11,84.5
1619,1883-12,75.9
1620,1884-01,91.5
1621,1884-02,86.9
1622,1884-03,86.8
1623,1884-04,76.1
1624,1884-05,66.5
1625,1884-06,51.2
1626,1884-07,53.1
1627,1884-08,55.8
1628,1884-09,61.9
1629,1884-10,47.8
1630,1884-11,36.6
1631,1884-12,47.2
1632,1885-01,42.8
1633,1885-02,71.8
1634,1885-03,49.8
1635,1885-04,55.0
1636,1885-05,73.0
1637,1885-06,83.7
1638,1885-07,66.5
1639,1885-08,50.0
1640,1885-09,39.6
1641,1885-10,38.7
1642,1885-11,33.3
1643,1885-12,21.7
1644,1886-01,29.9
1645,1886-02,25.9
1646,1886-03,57.3
1647,1886-04,43.7
1648,1886-05,30.7
1649,1886-06,27.1
1650,1886-07,30.3
1651,1886-08,16.9
1652,1886-09,21.4
1653,1886-10,8.6
1654,1886-11,0.3
1655,1886-12,12.4
1656,1887-01,10.3
1657,1887-02,13.2
1658,1887-03,4.2
1659,1887-04,6.9
1660,1887-05,20.0
1661,1887-06,15.7
1662,1887-07,23.3
1663,1887-08,21.4
1664,1887-09,7.4
1665,1887-10,6.6
1666,1887-11,6.9
1667,1887-12,20.7
1668,1888-01,12.7
1669,1888-02,7.1
1670,1888-03,7.8
1671,1888-04,5.1
1672,1888-05,7.0
1673,1888-06,7.1
1674,1888-07,3.1
1675,1888-08,2.8
1676,1888-09,8.8
1677,1888-10,2.1
1678,1888-11,10.7
1679,1888-12,6.7
1680,1889-01,0.8
1681,1889-02,8.5
1682,1889-03,7.0
1683,1889-04,4.3
1684,1889-05,2.4
1685,1889-06,6.4
1686,1889-07,9.7
1687,1889-08,20.6
1688,1889-09,6.5
1689,1889-10,2.1
1690,1889-11,0.2
1691,1889-12,6.7
1692,1890-01,5.3
1693,1890-02,0.6
1694,1890-03,5.1
1695,1890-04,1.6
1696,1890-05,4.8
1697,1890-06,1.3
1698,1890-07,11.6
1699,1890-08,8.5
1700,1890-09,17.2
1701,1890-10,11.2
1702,1890-11,9.6
1703,1890-12,7.8
1704,1891-01,13.5
1705,1891-02,22.2
1706,1891-03,10.4
1707,1891-04,20.5
1708,1891-05,41.1
1709,1891-06,48.3
1710,1891-07,58.8
1711,1891-08,33.2
1712,1891-09,53.8
1713,1891-10,51.5
1714,1891-11,41.9
1715,1891-12,32.3
1716,1892-01,69.1
1717,1892-02,75.6
1718,1892-03,49.9
1719,1892-04,69.6
1720,1892-05,79.6
1721,1892-06,76.3
1722,1892-07,76.8
1723,1892-08,101.4
1724,1892-09,62.8
1725,1892-10,70.5
1726,1892-11,65.4
1727,1892-12,78.6
1728,1893-01,75.0
1729,1893-02,73.0
1730,1893-03,65.7
1731,1893-04,88.1
1732,1893-05,84.7
1733,1893-06,88.2
1734,1893-07,88.8
1735,1893-08,129.2
1736,1893-09,77.9
1737,1893-10,79.7
1738,1893-11,75.1
1739,1893-12,93.8
1740,1894-01,83.2
1741,1894-02,84.6
1742,1894-03,52.3
1743,1894-04,81.6
1744,1894-05,101.2
1745,1894-06,98.9
1746,1894-07,106.0
1747,1894-08,70.3
1748,1894-09,65.9
1749,1894-10,75.5
1750,1894-11,56.6
1751,1894-12,60.0
1752,1895-01,63.3
1753,1895-02,67.2
1754,1895-03,61.0
1755,1895-04,76.9
1756,1895-05,67.5
1757,1895-06,71.5
1758,1895-07,47.8
1759,1895-08,68.9
1760,1895-09,57.7
1761,1895-10,67.9
1762,1895-11,47.2
1763,1895-12,70.7
1764,1896-01,29.0
1765,1896-02,57.4
1766,1896-03,52.0
1767,1896-04,43.8
1768,1896-05,27.7
1769,1896-06,49.0
1770,1896-07,45.0
1771,1896-08,27.2
1772,1896-09,61.3
1773,1896-10,28.4
1774,1896-11,38.0
1775,1896-12,42.6
1776,1897-01,40.6
1777,1897-02,29.4
1778,1897-03,29.1
1779,1897-04,31.0
1780,1897-05,20.0
1781,1897-06,11.3
1782,1897-07,27.6
1783,1897-08,21.8
1784,1897-09,48.1
1785,1897-10,14.3
1786,1897-11,8.4
1787,1897-12,33.3
1788,1898-01,30.2
1789,1898-02,36.4
1790,1898-03,38.3
1791,1898-04,14.5
1792,1898-05,25.8
1793,1898-06,22.3
1794,1898-07,9.0
1795,1898-08,31.4
1796,1898-09,34.8
1797,1898-10,34.4
1798,1898-11,30.9
1799,1898-12,12.6
1800,1899-01,19.5
1801,1899-02,9.2
1802,1899-03,18.1
1803,1899-04,14.2
1804,1899-05,7.7
1805,1899-06,20.5
1806,1899-07,13.5
1807,1899-08,2.9
1808,1899-09,8.4
1809,1899-10,13.0
1810,1899-11,7.8
1811,1899-12,10.5
1812,1900-01,9.4
1813,1900-02,13.6
1814,1900-03,8.6
1815,1900-04,16.0
1816,1900-05,15.2
1817,1900-06,12.1
1818,1900-07,8.3
1819,1900-08,4.3
1820,1900-09,8.3
1821,1900-10,12.9
1822,1900-11,4.5
1823,1900-12,0.3
1824,1901-01,0.2
1825,1901-02,2.4
1826,1901-03,4.5
1827,1901-04,0.0
1828,1901-05,10.2
1829,1901-06,5.8
1830,1901-07,0.7
1831,1901-08,1.0
1832,1901-09,0.6
1833,1901-10,3.7
1834,1901-11,3.8
1835,1901-12,0.0
1836,1902-01,5.2
1837,1902-02,0.0
1838,1902-03,12.4
1839,1902-04,0.0
1840,1902-05,2.8
1841,1902-06,1.4
1842,1902-07,0.9
1843,1902-08,2.3
1844,1902-09,7.6
1845,1902-10,16.3
1846,1902-11,10.3
1847,1902-12,1.1
1848,1903-01,8.3
1849,1903-02,17.0
1850,1903-03,13.5
1851,1903-04,26.1
1852,1903-05,14.6
1853,1903-06,16.3
1854,1903-07,27.9
1855,1903-08,28.8
1856,1903-09,11.1
1857,1903-10,38.9
1858,1903-11,44.5
1859,1903-12,45.6
1860,1904-01,31.6
1861,1904-02,24.5
1862,1904-03,37.2
1863,1904-04,43.0
1864,1904-05,39.5
1865,1904-06,41.9
1866,1904-07,50.6
1867,1904-08,58.2
1868,1904-09,30.1
1869,1904-10,54.2
1870,1904-11,38.0
1871,1904-12,54.6
1872,1905-01,54.8
1873,1905-02,85.8
1874,1905-03,56.5
1875,1905-04,39.3
1876,1905-05,48.0
1877,1905-06,49.0
1878,1905-07,73.0
1879,1905-08,58.8
1880,1905-09,55.0
1881,1905-10,78.7
1882,1905-11,107.2
1883,1905-12,55.5
1884,1906-01,45.5
1885,1906-02,31.3
1886,1906-03,64.5
1887,1906-04,55.3
1888,1906-05,57.7
1889,1906-06,63.2
1890,1906-07,103.6
1891,1906-08,47.7
1892,1906-09,56.1
1893,1906-10,17.8
1894,1906-11,38.9
1895,1906-12,64.7
1896,1907-01,76.4
1897,1907-02,108.2
1898,1907-03,60.7
1899,1907-04,52.6
1900,1907-05,42.9
1901,1907-06,40.4
1902,1907-07,49.7
1903,1907-08,54.3
1904,1907-09,85.0
1905,1907-10,65.4
1906,1907-11,61.5
1907,1907-12,47.3
1908,1908-01,39.2
1909,1908-02,33.9
1910,1908-03,28.7
1911,1908-04,57.6
1912,1908-05,40.8
1913,1908-06,48.1
1914,1908-07,39.5
1915,1908-08,90.5
1916,1908-09,86.9
1917,1908-10,32.3
1918,1908-11,45.5
1919,1908-12,39.5
1920,1909-01,56.7
1921,1909-02,46.6
1922,1909-03,66.3
1923,1909-04,32.3
1924,1909-05,36.0
1925,1909-06,22.6
1926,1909-07,35.8
1927,1909-08,23.1
1928,1909-09,38.8
1929,1909-10,58.4
1930,1909-11,55.8
1931,1909-12,54.2
1932,1910-01,26.4
1933,1910-02,31.5
1934,1910-03,21.4
1935,1910-04,8.4
1936,1910-05,22.2
1937,1910-06,12.3
1938,1910-07,14.1
1939,1910-08,11.5
1940,1910-09,26.2
1941,1910-10,38.3
1942,1910-11,4.9
1943,1910-12,5.8
1944,1911-01,3.4
1945,1911-02,9.0
1946,1911-03,7.8
1947,1911-04,16.5
1948,1911-05,9.0
1949,1911-06,2.2
1950,1911-07,3.5
1951,1911-08,4.0
1952,1911-09,4.0
1953,1911-10,2.6
1954,1911-11,4.2
1955,1911-12,2.2
1956,1912-01,0.3
1957,1912-02,0.0
1958,1912-03,4.9
1959,1912-04,4.5
1960,1912-05,4.4
1961,1912-06,4.1
1962,1912-07,3.0
1963,1912-08,0.3
1964,1912-09,9.5
1965,1912-10,4.6
1966,1912-11,1.1
1967,1912-12,6.4
1968,1913-01,2.3
1969,1913-02,2.9
1970,1913-03,0.5
1971,1913-04,0.9
1972,1913-05,0.0
1973,1913-06,0.0
1974,1913-07,1.7
1975,1913-08,0.2
1976,1913-09,1.2
1977,1913-10,3.1
1978,1913-11,0.7
1979,1913-12,3.8
1980,1914-01,2.8
1981,1914-02,2.6
1982,1914-03,3.1
1983,1914-04,17.3
1984,1914-05,5.2
1985,1914-06,11.4
1986,1914-07,5.4
1987,1914-08,7.7
1988,1914-09,12.7
1989,1914-10,8.2
1990,1914-11,16.4
1991,1914-12,22.3
1992,1915-01,23.0
1993,1915-02,42.3
1994,1915-03,38.8
1995,1915-04,41.3
1996,1915-05,33.0
1997,1915-06,68.8
1998,1915-07,71.6
1999,1915-08,69.6
2000,1915-09,49.5
2001,1915-10,53.5
2002,1915-11,42.5
2003,1915-12,34.5
2004,1916-01,45.3
2005,1916-02,55.4
2006,1916-03,67.0
2007,1916-04,71.8
2008,1916-05,74.5
2009,1916-06,67.7
2010,1916-07,53.5
2011,1916-08,35.2
2012,1916-09,45.1
2013,1916-10,50.7
2014,1916-11,65.6
2015,1916-12,53.0
2016,1917-01,74.7
2017,1917-02,71.9
2018,1917-03,94.8
2019,1917-04,74.7
2020,1917-05,114.1
2021,1917-06,114.9
2022,1917-07,119.8
2023,1917-08,154.5
2024,1917-09,129.4
2025,1917-10,72.2
2026,1917-11,96.4
2027,1917-12,129.3
2028,1918-01,96.0
2029,1918-02,65.3
2030,1918-03,72.2
2031,1918-04,80.5
2032,1918-05,76.7
2033,1918-06,59.4
2034,1918-07,107.6
2035,1918-08,101.7
2036,1918-09,79.9
2037,1918-10,85.0
2038,1918-11,83.4
2039,1918-12,59.2
2040,1919-01,48.1
2041,1919-02,79.5
2042,1919-03,66.5
2043,1919-04,51.8
2044,1919-05,88.1
2045,1919-06,111.2
2046,1919-07,64.7
2047,1919-08,69.0
2048,1919-09,54.7
2049,1919-10,52.8
2050,1919-11,42.0
2051,1919-12,34.9
2052,1920-01,51.1
2053,1920-02,53.9
2054,1920-03,70.2
2055,1920-04,14.8
2056,1920-05,33.3
2057,1920-06,38.7
2058,1920-07,27.5
2059,1920-08,19.2
2060,1920-09,36.3
2061,1920-10,49.6
2062,1920-11,27.2
2063,1920-12,29.9
2064,1921-01,31.5
2065,1921-02,28.3
2066,1921-03,26.7
2067,1921-04,32.4
2068,1921-05,22.2
2069,1921-06,33.7
2070,1921-07,41.9
2071,1921-08,22.8
2072,1921-09,17.8
2073,1921-10,18.2
2074,1921-11,17.8
2075,1921-12,20.3
2076,1922-01,11.8
2077,1922-02,26.4
2078,1922-03,54.7
2079,1922-04,11.0
2080,1922-05,8.0
2081,1922-06,5.8
2082,1922-07,10.9
2083,1922-08,6.5
2084,1922-09,4.7
2085,1922-10,6.2
2086,1922-11,7.4
2087,1922-12,17.5
2088,1923-01,4.5
2089,1923-02,1.5
2090,1923-03,3.3
2091,1923-04,6.1
2092,1923-05,3.2
2093,1923-06,9.1
2094,1923-07,3.5
2095,1923-08,0.5
2096,1923-09,13.2
2097,1923-10,11.6
2098,1923-11,10.0
2099,1923-12,2.8
2100,1924-01,0.5
2101,1924-02,5.1
2102,1924-03,1.8
2103,1924-04,11.3
2104,1924-05,20.8
2105,1924-06,24.0
2106,1924-07,28.1
2107,1924-08,19.3
2108,1924-09,25.1
2109,1924-10,25.6
2110,1924-11,22.5
2111,1924-12,16.5
2112,1925-01,5.5
2113,1925-02,23.2
2114,1925-03,18.0
2115,1925-04,31.7
2116,1925-05,42.8
2117,1925-06,47.5
2118,1925-07,38.5
2119,1925-08,37.9
2120,1925-09,60.2
2121,1925-10,69.2
2122,1925-11,58.6
2123,1925-12,98.6
2124,1926-01,71.8
2125,1926-02,70.0
2126,1926-03,62.5
2127,1926-04,38.5
2128,1926-05,64.3
2129,1926-06,73.5
2130,1926-07,52.3
2131,1926-08,61.6
2132,1926-09,60.8
2133,1926-10,71.5
2134,1926-11,60.5
2135,1926-12,79.4
2136,1927-01,81.6
2137,1927-02,93.0
2138,1927-03,69.6
2139,1927-04,93.5
2140,1927-05,79.1
2141,1927-06,59.1
2142,1927-07,54.9
2143,1927-08,53.8
2144,1927-09,68.4
2145,1927-10,63.1
2146,1927-11,67.2
2147,1927-12,45.2
2148,1928-01,83.5
2149,1928-02,73.5
2150,1928-03,85.4
2151,1928-04,80.6
2152,1928-05,76.9
2153,1928-06,91.4
2154,1928-07,98.0
2155,1928-08,83.8
2156,1928-09,89.7
2157,1928-10,61.4
2158,1928-11,50.3
2159,1928-12,59.0
2160,1929-01,68.9
2161,1929-02,64.1
2162,1929-03,50.2
2163,1929-04,52.8
2164,1929-05,58.2
2165,1929-06,71.9
2166,1929-07,70.2
2167,1929-08,65.8
2168,1929-09,34.4
2169,1929-10,54.0
2170,1929-11,81.1
2171,1929-12,108.0
2172,1930-01,65.3
2173,1930-02,49.2
2174,1930-03,35.0
2175,1930-04,38.2
2176,1930-05,36.8
2177,1930-06,28.8
2178,1930-07,21.9
2179,1930-08,24.9
2180,1930-09,32.1
2181,1930-10,34.4
2182,1930-11,35.6
2183,1930-12,25.8
2184,1931-01,14.6
2185,1931-02,43.1
2186,1931-03,30.0
2187,1931-04,31.2
2188,1931-05,24.6
2189,1931-06,15.3
2190,1931-07,17.4
2191,1931-08,13.0
2192,1931-09,19.0
2193,1931-10,10.0
2194,1931-11,18.7
2195,1931-12,17.8
2196,1932-01,12.1
2197,1932-02,10.6
2198,1932-03,11.2
2199,1932-04,11.2
2200,1932-05,17.9
2201,1932-06,22.2
2202,1932-07,9.6
2203,1932-08,6.8
2204,1932-09,4.0
2205,1932-10,8.9
2206,1932-11,8.2
2207,1932-12,11.0
2208,1933-01,12.3
2209,1933-02,22.2
2210,1933-03,10.1
2211,1933-04,2.9
2212,1933-05,3.2
2213,1933-06,5.2
2214,1933-07,2.8
2215,1933-08,0.2
2216,1933-09,5.1
2217,1933-10,3.0
2218,1933-11,0.6
2219,1933-12,0.3
2220,1934-01,3.4
2221,1934-02,7.8
2222,1934-03,4.3
2223,1934-04,11.3
2224,1934-05,19.7
2225,1934-06,6.7
2226,1934-07,9.3
2227,1934-08,8.3
2228,1934-09,4.0
2229,1934-10,5.7
2230,1934-11,8.7
2231,1934-12,15.4
2232,1935-01,18.9
2233,1935-02,20.5
2234,1935-03,23.1
2235,1935-04,12.2
2236,1935-05,27.3
2237,1935-06,45.7
2238,1935-07,33.9
2239,1935-08,30.1
2240,1935-09,42.1
2241,1935-10,53.2
2242,1935-11,64.2
2243,1935-12,61.5
2244,1936-01,62.8
2245,1936-02,74.3
2246,1936-03,77.1
2247,1936-04,74.9
2248,1936-05,54.6
2249,1936-06,70.0
2250,1936-07,52.3
2251,1936-08,87.0
2252,1936-09,76.0
2253,1936-10,89.0
2254,1936-11,115.4
2255,1936-12,123.4
2256,1937-01,132.5
2257,1937-02,128.5
2258,1937-03,83.9
2259,1937-04,109.3
2260,1937-05,116.7
2261,1937-06,130.3
2262,1937-07,145.1
2263,1937-08,137.7
2264,1937-09,100.7
2265,1937-10,124.9
2266,1937-11,74.4
2267,1937-12,88.8
2268,1938-01,98.4
2269,1938-02,119.2
2270,1938-03,86.5
2271,1938-04,101.0
2272,1938-05,127.4
2273,1938-06,97.5
2274,1938-07,165.3
2275,1938-08,115.7
2276,1938-09,89.6
2277,1938-10,99.1
2278,1938-11,122.2
2279,1938-12,92.7
2280,1939-01,80.3
2281,1939-02,77.4
2282,1939-03,64.6
2283,1939-04,109.1
2284,1939-05,118.3
2285,1939-06,101.0
2286,1939-07,97.6
2287,1939-08,105.8
2288,1939-09,112.6
2289,1939-10,88.1
2290,1939-11,68.1
2291,1939-12,42.1
2292,1940-01,50.5
2293,1940-02,59.4
2294,1940-03,83.3
2295,1940-04,60.7
2296,1940-05,54.4
2297,1940-06,83.9
2298,1940-07,67.5
2299,1940-08,105.5
2300,1940-09,66.5
2301,1940-10,55.0
2302,1940-11,58.4
2303,1940-12,68.3
2304,1941-01,45.6
2305,1941-02,44.5
2306,1941-03,46.4
2307,1941-04,32.8
2308,1941-05,29.5
2309,1941-06,59.8
2310,1941-07,66.9
2311,1941-08,60.0
2312,1941-09,65.9
2313,1941-10,46.3
2314,1941-11,38.3
2315,1941-12,33.7
2316,1942-01,35.6
2317,1942-02,52.8
2318,1942-03,54.2
2319,1942-04,60.7
2320,1942-05,25.0
2321,1942-06,11.4
2322,1942-07,17.7
2323,1942-08,20.2
2324,1942-09,17.2
2325,1942-10,19.2
2326,1942-11,30.7
2327,1942-12,22.5
2328,1943-01,12.4
2329,1943-02,28.9
2330,1943-03,27.4
2331,1943-04,26.1
2332,1943-05,14.1
2333,1943-06,7.6
2334,1943-07,13.2
2335,1943-08,19.4
2336,1943-09,10.0
2337,1943-10,7.8
2338,1943-11,10.2
2339,1943-12,18.8
2340,1944-01,3.7
2341,1944-02,0.5
2342,1944-03,11.0
2343,1944-04,0.3
2344,1944-05,2.5
2345,1944-06,5.0
2346,1944-07,5.0
2347,1944-08,16.7
2348,1944-09,14.3
2349,1944-10,16.9
2350,1944-11,10.8
2351,1944-12,28.4
2352,1945-01,18.5
2353,1945-02,12.7
2354,1945-03,21.5
2355,1945-04,32.0
2356,1945-05,30.6
2357,1945-06,36.2
2358,1945-07,42.6
2359,1945-08,25.9
2360,1945-09,34.9
2361,1945-10,68.8
2362,1945-11,46.0
2363,1945-12,27.4
2364,1946-01,47.6
2365,1946-02,86.2
2366,1946-03,76.6
2367,1946-04,75.7
2368,1946-05,84.9
2369,1946-06,73.5
2370,1946-07,116.2
2371,1946-08,107.2
2372,1946-09,94.4
2373,1946-10,102.3
2374,1946-11,123.8
2375,1946-12,121.7
2376,1947-01,115.7
2377,1947-02,113.4
2378,1947-03,129.8
2379,1947-04,149.8
2380,1947-05,201.3
2381,1947-06,163.9
2382,1947-07,157.9
2383,1947-08,188.8
2384,1947-09,169.4
2385,1947-10,163.6
2386,1947-11,128.0
2387,1947-12,116.5
2388,1948-01,108.5
2389,1948-02,86.1
2390,1948-03,94.8
2391,1948-04,189.7
2392,1948-05,174.0
2393,1948-06,167.8
2394,1948-07,142.2
2395,1948-08,157.9
2396,1948-09,143.3
2397,1948-10,136.3
2398,1948-11,95.8
2399,1948-12,138.0
2400,1949-01,119.1
2401,1949-02,182.3
2402,1949-03,157.5
2403,1949-04,147.0
2404,1949-05,106.2
2405,1949-06,121.7
2406,1949-07,125.8
2407,1949-08,123.8
2408,1949-09,145.3
2409,1949-10,131.6
2410,1949-11,143.5
2411,1949-12,117.6
2412,1950-01,101.6
2413,1950-02,94.8
2414,1950-03,109.7
2415,1950-04,113.4
2416,1950-05,106.2
2417,1950-06,83.6
2418,1950-07,91.0
2419,1950-08,85.2
2420,1950-09,51.3
2421,1950-10,61.4
2422,1950-11,54.8
2423,1950-12,54.1
2424,1951-01,59.9
2425,1951-02,59.9
2426,1951-03,59.9
2427,1951-04,92.9
2428,1951-05,108.5
2429,1951-06,100.6
2430,1951-07,61.5
2431,1951-08,61.0
2432,1951-09,83.1
2433,1951-10,51.6
2434,1951-11,52.4
2435,1951-12,45.8
2436,1952-01,40.7
2437,1952-02,22.7
2438,1952-03,22.0
2439,1952-04,29.1
2440,1952-05,23.4
2441,1952-06,36.4
2442,1952-07,39.3
2443,1952-08,54.9
2444,1952-09,28.2
2445,1952-10,23.8
2446,1952-11,22.1
2447,1952-12,34.3
2448,1953-01,26.5
2449,1953-02,3.9
2450,1953-03,10.0
2451,1953-04,27.8
2452,1953-05,12.5
2453,1953-06,21.8
2454,1953-07,8.6
2455,1953-08,23.5
2456,1953-09,19.3
2457,1953-10,8.2
2458,1953-11,1.6
2459,1953-12,2.5
2460,1954-01,0.2
2461,1954-02,0.5
2462,1954-03,10.9
2463,1954-04,1.8
2464,1954-05,0.8
2465,1954-06,0.2
2466,1954-07,4.8
2467,1954-08,8.4
2468,1954-09,1.5
2469,1954-10,7.0
2470,1954-11,9.2
2471,1954-12,7.6
2472,1955-01,23.1
2473,1955-02,20.8
2474,1955-03,4.9
2475,1955-04,11.3
2476,1955-05,28.9
2477,1955-06,31.7
2478,1955-07,26.7
2479,1955-08,40.7
2480,1955-09,42.7
2481,1955-10,58.5
2482,1955-11,89.2
2483,1955-12,76.9
2484,1956-01,73.6
2485,1956-02,124.0
2486,1956-03,118.4
2487,1956-04,110.7
2488,1956-05,136.6
2489,1956-06,116.6
2490,1956-07,129.1
2491,1956-08,169.6
2492,1956-09,173.2
2493,1956-10,155.3
2494,1956-11,201.3
2495,1956-12,192.1
2496,1957-01,165.0
2497,1957-02,130.2
2498,1957-03,157.4
2499,1957-04,175.2
2500,1957-05,164.6
2501,1957-06,200.7
2502,1957-07,187.2
2503,1957-08,158.0
2504,1957-09,235.8
2505,1957-10,253.8
2506,1957-11,210.9
2507,1957-12,239.4
2508,1958-01,202.5
2509,1958-02,164.9
2510,1958-03,190.7
2511,1958-04,196.0
2512,1958-05,175.3
2513,1958-06,171.5
2514,1958-07,191.4
2515,1958-08,200.2
2516,1958-09,201.2
2517,1958-10,181.5
2518,1958-11,152.3
2519,1958-12,187.6
